sample_id	B9J08_05353_mut	B9J08_03961_mut	B9J08_03068_mut	B9J08_01530_mut	B9J08_02125_mut	B9J08_00302_mut	B9J08_02838_mut	B9J08_02667_mut	B9J08_01979_mut	B9J08_02470_mut
Cauris000	1	0	1	0	1	0	1	1	1	1
Cauris001	1	1	1	0	0	0	0	0	0	1
Cauris002	1	0	1	1	1	0	1	1	1	0
Cauris003	1	1	1	0	0	1	1	1	0	1
Cauris004	0	1	0	1	1	1	1	0	1	1
Cauris005	1	1	1	0	0	0	1	1	0	1
Cauris006	1	0	1	1	0	0	0	0	1	0
Cauris007	1	1	0	0	0	0	1	1	1	1
Cauris008	1	1	0	0	1	1	1	1	0	1
Cauris009	1	1	0	1	1	1	1	1	0	1
Cauris010	0	1	0	1	0	1	0	1	0	1
Cauris011	1	1	1	1	1	1	0	1	1	1
Cauris012	1	1	0	0	0	0	1	1	1	0
Cauris013	1	0	1	0	0	0	1	0	1	1
Cauris014	1	0	0	0	0	0	0	1	1	1
Cauris015	1	1	1	0	1	1	0	1	1	1
Cauris016	0	0	1	1	1	1	0	1	0	1
Cauris017	0	0	0	0	0	1	1	1	1	0
Cauris018	1	1	1	1	1	0	0	0	0	0
Cauris019	1	1	1	1	0	1	0	1	0	1
Cauris020	0	1	1	0	0	1	1	0	0	1
Cauris021	1	0	1	0	1	1	0	0	1	0
Cauris022	1	0	1	1	1	1	0	0	1	0
Cauris023	0	1	1	1	1	1	1	1	0	1
Cauris024	1	1	1	1	1	1	1	1	1	1
Cauris025	0	1	0	0	0	1	0	0	0	1
Cauris026	0	0	1	1	0	0	0	0	0	1
Cauris027	0	0	0	0	0	0	1	0	0	0
Cauris028	1	0	0	0	0	0	0	0	1	0
Cauris029	0	0	0	0	0	0	0	0	1	0
Cauris030	0	0	0	0	0	1	1	0	1	1
Cauris031	1	0	1	1	0	1	0	1	1	1
Cauris032	0	1	0	0	0	0	0	0	0	1
Cauris033	0	0	0	1	0	1	0	1	0	1
Cauris034	0	0	0	1	0	0	0	0	0	0
Cauris035	0	0	0	0	0	0	0	0	1	0
Cauris036	1	0	0	0	0	1	0	0	0	0
Cauris037	0	0	1	1	0	0	1	1	0	1
Cauris038	1	0	0	1	0	0	1	0	1	0
Cauris039	0	0	1	1	0	1	1	0	1	1
Cauris040	0	0	1	0	0	1	1	0	0	1
Cauris041	0	0	0	0	0	0	0	0	0	0
Cauris042	1	0	0	0	0	0	0	0	0	1
Cauris043	0	0	0	0	0	0	1	0	0	1
Cauris044	0	0	1	0	0	1	1	0	1	0
Cauris045	0	0	0	0	0	0	0	0	0	0
Cauris046	0	0	0	0	0	1	0	1	0	1
Cauris047	0	0	0	1	0	0	0	0	0	1
Cauris048	1	0	0	0	0	0	0	0	0	1
Cauris049	1	0	1	1	0	0	1	0	0	0
